network,Qss,max_release_count,mode,peak_budget_us,startup_Qss,startup_peak_us,steady_peak_us,violation_count,violation_excess,objective_mode,runtime_seconds,restart_attempts,assignment_sha256
CH,1767529,1,balanced,344,170384,247,327,0,0,balanced,0.311921300002723,1,963e68ce88e933b10620fabff2c16091fceb05752c2c9d8e3091e1df66a90839
CH,1767529,1,greedy,,261688,327,327,0,0,peak,0.005067699999926845,,80709e42a4605f78f6d7791b2dfce6a9835c8dfe2158aca60f484e0ef642a1d1
CH,1767529,1,original,,386688,327,327,0,0,peak,8.850000085658394e-05,,02edb1c9c292cce5fde2f6df5f71b2c881b910ec87989bba2d7ba2a13daa2bbd
CH,1767529,1,peak,,170384,247,327,0,0,peak,0.22896469999977853,20,963e68ce88e933b10620fabff2c16091fceb05752c2c9d8e3091e1df66a90839
CH,1767529,1,variance,,170384,247,327,0,0,variance,2.074836100000539,20,963e68ce88e933b10620fabff2c16091fceb05752c2c9d8e3091e1df66a90839
DA,1288061,2,balanced,428,575537,407,407,0,0,balanced,0.6500755000015488,1,84fdf6f22da797f07ab2fd432455e263fdbba19135e6150dff1bb23f91dfbbfd
DA,1368561,2,greedy,,532687,407,532,0,0,peak,0.008485400001518428,,89b597ee51ec0cae3857703ac967eaedbc16f88d77cd7bbbd98eb39b5187daf5
DA,1583871,2,original,,1552621,572,572,0,0,peak,6.239999856916256e-05,,d5f2893efbafd828897b9b55ba6e2a00b82fb0841b2d11714879087331211868
DA,1288061,2,peak,,575537,407,407,0,0,peak,0.6022355999994033,30,84fdf6f22da797f07ab2fd432455e263fdbba19135e6150dff1bb23f91dfbbfd
DA,1288061,2,variance,,575537,407,407,0,0,variance,1.8463046999968356,30,84fdf6f22da797f07ab2fd432455e263fdbba19135e6150dff1bb23f91dfbbfd
DK,17384489,3,balanced,559,1669400,532,532,0,0,balanced,9.100143900002877,1,89a6c56544e6a385c7b44b46b6596ea6d45b3c9fb94ff93409ef4a60094aee16
DK,17351989,3,greedy,,1769300,532,657,0,0,peak,0.024294999999256106,,dc063a802f58a22be246b2273c1ab130b354e2feb4952878b2e7148d290dfd9e
DK,17952297,3,original,,3702423,859,859,0,0,peak,0.00019880000036209822,,6400d47ffcbd9d9807e130c20d7e7a0000ec922febcaec14323dce799da0d2b7
DK,17384489,3,peak,,1669400,532,532,0,0,peak,8.932667500001116,40,89a6c56544e6a385c7b44b46b6596ea6d45b3c9fb94ff93409ef4a60094aee16
DK,16868739,3,variance,,1669400,532,657,0,0,variance,8.043135699997947,40,559e753384351d3941779293c894a3353711373430136e07fc0c059c43f07132
EP,218750,1,balanced,132,78125,125,125,0,0,balanced,0.21434950000184472,1,7d23649a04935a7c9813ef8278b62e6669ba44aa5224ec3cf2c9c7e929c9bc96
EP,218750,1,greedy,,78125,125,125,0,0,peak,0.0020670000012614764,,272379e890bf7a65e8e2e174c1d7e8875728890b94e05b44f184befe4bbf82ef
EP,218750,1,original,,203125,125,125,0,0,peak,5.300000339047983e-05,,8408ef3b2e7f68bba17f080944aa63ac8ab1c9f3f7b4dfe0e53b1f20393a8153
EP,218750,1,peak,,78125,125,125,0,0,peak,0.15912540000135778,20,7d23649a04935a7c9813ef8278b62e6669ba44aa5224ec3cf2c9c7e929c9bc96
EP,218750,1,variance,,78125,125,125,0,0,variance,1.0890896999990218,20,7d23649a04935a7c9813ef8278b62e6669ba44aa5224ec3cf2c9c7e929c9bc96
GL,20981188,3,balanced,559,1295914,532,532,0,0,balanced,2.814136300003156,1,9a0ec05f2048952f68e851b2b791d30a3af86a3bdfa4c5b06d6b9ba70508ce1e
GL,21275438,3,greedy,,1239539,532,657,0,0,peak,0.030297500001324806,,bb1ab6800e3289d6c1bc7ac9d21429155e98d7b39823ef7af036d444a7d77a2c
GL,26569718,3,original,,2556093,657,859,0,0,peak,0.00019830000019283034,,36784f983075ae881e40abe93e90dbf3e07afbb51c12e8e5dc49ede6c04c8ffe
GL,20981188,3,peak,,1295914,532,532,0,0,peak,2.60267340000064,30,9a0ec05f2048952f68e851b2b791d30a3af86a3bdfa4c5b06d6b9ba70508ce1e
GL,20770438,3,variance,,1225414,407,657,0,0,variance,6.199950700000045,30,0f90f0215c80703dd17278a2752839a76e8a50984ce3ff933c1f905ebf6eef1d
IC,44001873,3,balanced,601,1302792,572,572,0,0,balanced,3.15401429999838,1,a1ab32580113d166c080fe4d42e8087746d0ef56244a3911d71461330c7fe3c2
IC,45189863,3,greedy,,1193558,532,657,0,0,peak,0.040155099999537924,,c5ec0290d5baf79950129475008474b6e1d9cd66a095eb97c6369c6930007ce2
IC,51248091,3,original,,3376457,859,859,0,0,peak,0.0003102000009675976,,d479477942cb6eda60f0b382df647e53d0c10041721391bc55b0403c77a8a051
IC,44001873,3,peak,,1302792,572,572,0,0,peak,2.8721517999983917,20,a1ab32580113d166c080fe4d42e8087746d0ef56244a3911d71461330c7fe3c2
IC,42584863,3,variance,,1389707,532,657,0,0,variance,7.273433300000761,20,a6237c328bf2a0b7d3457bd794b67346988c164f223a7d150644695408a61560
LC,1110102,2,balanced,428,231929,327,407,0,0,balanced,0.5457786000006308,1,f8c28797cd4b65a2e337e3eb402f651e6521532aec7d2ec3d1a10443584ff97c
LC,1176602,2,greedy,,185054,327,532,0,0,peak,0.0024312999994435813,,344e2869966899afc8d342ddef1ebcedcccaede9ec94e99b724d90bdb0ca149e
LC,1176602,2,original,,1129727,532,532,0,0,peak,4.450000051292591e-05,,a55926a9627d10060a0f79f8bd3cb2e2e73d9ba0280683d8f650158bd81a0045
LC,1110102,2,peak,,231929,327,407,0,0,peak,0.49566780000168364,30,f8c28797cd4b65a2e337e3eb402f651e6521532aec7d2ec3d1a10443584ff97c
LC,1055602,2,variance,,200679,327,532,0,0,variance,2.660207699998864,30,ce1c0f177115d6fc181dd6f79566894a5e1898c4f03fbe789cb8ac6bf18c4eba
PT,694208,2,balanced,344,334833,327,327,0,0,balanced,0.2861909999992349,1,5843e1782df93ca28365e195e82782905f6561139f1a22bfef7f7d3e1061eb3f
PT,694208,2,greedy,,334833,327,327,0,0,peak,0.003512100000079954,,aa5e96bf2695bd564e1820611d9d4cbd34677faca351238f0aef18b1542e5ff3
PT,802118,2,original,,770868,492,492,0,0,peak,9.379999755765311e-05,,5b70c24d6b54cbf489ff3ebb12dec86c5e1dbe61c042452b1e9a8952473b675e
PT,694208,2,peak,,334833,327,327,0,0,peak,0.25097660000028554,20,5843e1782df93ca28365e195e82782905f6561139f1a22bfef7f7d3e1061eb3f
PT,694208,2,variance,,334833,327,327,0,0,variance,0.878723000001628,20,5843e1782df93ca28365e195e82782905f6561139f1a22bfef7f7d3e1061eb3f
SU,245975,1,balanced,174,93750,125,165,0,0,balanced,0.19909669999833568,1,7a896c8c1dd71a1739e44c285ec377a365baebf08f3cdf0725d93c137e807019
SU,245975,1,greedy,,105350,165,165,0,0,peak,0.002049899998382898,,505436c6403ec0d344ab089b38f778b6e248e30f58f49a726babdb0d234be704
SU,245975,1,original,,230350,165,165,0,0,peak,6.730000313837081e-05,,57fd56bdcf7ec3f4f55e81360337485c74e6d495b1c4c5e88895b059bd80b6a7
SU,245975,1,peak,,93750,125,165,0,0,peak,0.15782319999925676,20,7a896c8c1dd71a1739e44c285ec377a365baebf08f3cdf0725d93c137e807019
SU,245975,1,variance,,93750,125,165,0,0,variance,1.0540901999993366,20,7a896c8c1dd71a1739e44c285ec377a365baebf08f3cdf0725d93c137e807019
