network,assignment_sha256,source,refinement_pass,peak_us,Qss,CPU_proxy_exact,main_function_count
CH,d774da37dbe42ae2d4e80b1ce87bd7c266076afda565de150436813cf912d5a6,refinement_00_epsilon_37,0,327,1767529,1094/1,4
CH,818984c1c65bada98e8ffa71262c8e8e3b1e3ebcc08a48cc3741ba39fdc17468,refinement_00_epsilon_25,0,327,1923779,944/1,4
CH,25c72ec093db03091c7e8f52f3a29c91fcd378d8b4cdbb5f0166abd295859a22,refinement_00_epsilon_03,0,327,2548779,674/1,4
CH,cd666c20bbd0116573ffd08fd7b128c85fef545d42b8e975be460b3f00762957,initial_cpu_anchor,-1,327,2861279,654/1,3
DA,3a16f8fa55bdcade854a7e301088c7b966d6ddbc4e30351d7e3ec27d1e248949,refinement_00_can,0,407,1288061,2180/1,5
DA,02a6aa0d9a6a19e5f06af522ed173c5dd0e10c0dc95ded418a1ab60d4b6a4904,refinement_02_epsilon_30,2,407,1329311,2020/1,5
DA,8b12f644aec1cc35732050f966bc477114befa1ffc92cae2abf5316fe28ea4a6,refinement_00_epsilon_28,0,407,1350561,1990/1,5
DA,e9e949941e2bc2d34aa561d37289ca409997541d442e4fc2cea14bbc9a821438,refinement_01_epsilon_24,1,407,1401811,1830/1,5
DA,19677cd4a4cd5fbd1739d6f77f68aa9855dea8ffaac3062820f278226a988a31,refinement_01_epsilon_16,1,407,1526061,1790/1,5
DA,accee125d6c42541ee9972c8589fd2d0e68fed2f6c3afca9c7755525feb1b5b5,refinement_01_epsilon_14,1,407,1557311,1740/1,5
DA,cd2e19a3d5a118a554cbf5da25e8d8d9e56cf16d612506f6efe7028861017467,refinement_00_epsilon_11,0,407,1588561,1700/1,5
DA,98b063c666513d70e7e4996f419a8236e66f9650d5c036b61605181b32ded831,refinement_02_epsilon_08,2,407,1651061,1650/1,5
DA,033aaa43edb19cde312b286554504e9507fa55762bcb947deebbf840f4f77dd5,refinement_00_epsilon_04,0,407,1682311,1600/1,5
DA,fba1a5820b5b515cf8e9848485113202a2e0549d8074e5fbeda47e06000e24d1,refinement_00_cpu,0,415,1723561,1550/1,5
DK,fcd7505208915cd9cbe91949b55861cee4eca1c968f393e112004fd548d9ffb4,refinement_01_epsilon_33,1,2699,23801955,1928/1,6
DK,d98b95eee5fae66fbcede6ee496cf9d89f0a48d2b360cc933f24c07cdb19c43a,refinement_00_epsilon_31,0,2699,24114455,1848/1,6
DK,c4f2fa411095dad57b54a42aa17cba28b65759925380d9989e8019b24bf0c0bf,refinement_01_epsilon_27,1,2699,24739455,1728/1,6
DK,594a71994b17c22dd6bad437d192498e9bcb8b6b668f96cda30c2da94244dc10,refinement_00_epsilon_27,0,2699,24839455,1688/1,7
DK,92f84f8ea902892fc2d70b53f1bea24639b6d338e083cf8b640ae98fe91afd98,refinement_01_epsilon_25,1,2699,25356955,1648/1,7
DK,11275b701bb12a23ccda00334061cad4e194add8b82f1861d8d9baa08ed8bb56,refinement_01_epsilon_24,1,2699,25662055,1618/1,6
DK,47cb8fffcd01af78d2b9983d3f2348aab376afcff4a8fc41977d43a7f9c7c69f,refinement_01_epsilon_23,1,2699,25806555,1588/1,7
DK,b74fb71144e9bf974a1eb9f3e30e4fb39df65f98398e6d7d9ab747ee1f2fc262,refinement_02_epsilon_28,2,2699,25879055,1568/1,6
DK,d1a03c2d12bb96cdbe8f4fd46bbcb3ab7d3617e58d912c48d2fcb38fa7104438,refinement_01_epsilon_22,1,2699,25999055,1538/1,7
DK,2e47584fae0ad6a9b5a9948ba91c6d040e8fa82ce34e2706aafce84dda866806,refinement_01_epsilon_21,1,2824,26275805,1508/1,7
DK,e1dc8fad634f5dd1bc1e3419af9afed80cc2d3981eddc3aff182b520dbca1572,refinement_02_epsilon_25,2,2699,26624055,1488/1,7
DK,ea92a6a1594302e47abb0c148f8ce187d9270bae9c5a7be0391257c802b2645c,refinement_00_epsilon_20,0,2699,26672055,1478/1,6
DK,361553dbd3d90afc50914d87f2553a1219451398daab1f90c09ad8e387555dcd,refinement_02_epsilon_24,2,2699,26704055,1468/1,6
DK,de56b0a0814fe66f898f505d6f770ff6e0ff10ed076d87f88704c853a17a1557,refinement_01_epsilon_19,1,2699,26816555,1438/1,7
DK,eb152ba6eb86452cb1dbb0d7896748a93665fd60e47a5dfa4c05e7a3e6d66d13,refinement_00_epsilon_18,0,2699,27016555,1398/1,7
DK,8836a71896dfab510d5c09c9f7c30ca8336900a45ab10208f113d81e0d90841a,refinement_00_epsilon_17,0,2824,27285805,1368/1,7
DK,472dea50ec6ef3bd1d30495e72a8312474b1314af719be29c96a4159d3ee3a89,refinement_02_epsilon_20,2,2824,27525805,1348/1,7
DK,895a427dae26a21506b7ae3afccfb528afa03dfae19fe6cd7b063b044aa50d0c,refinement_01_epsilon_16,1,2824,27718305,1338/1,7
DK,bfc8747a723556015ba3e10dbe63746ca097af8947aec60c70e08ddcfd74a95f,refinement_02_epsilon_19,2,2824,28463305,1308/1,7
DK,6211ad24992da2ccbc332ad59f59f89444da0e28410c08bc48ea4255771f2f00,refinement_01_epsilon_15,1,2824,28885705,1298/1,7
DK,8c29db69bc1a3b8acf6105af32360bc68ef5c29bd00b1e8f8f7048a0dec943f9,refinement_02_epsilon_18,2,2824,30078305,1278/1,6
DK,6068850eec569bff9c0bd8046abebce34e9c0263d052706b4b29eb3372aa54d9,refinement_00_epsilon_14,0,2824,30703305,1258/1,6
DK,50d36875e6c5cafc3c6008ab3a8cab404763136d705c74d6fbc7dae56a2cd85b,refinement_00_epsilon_13,0,2824,31950705,1228/1,6
DK,c49e685e7646a688af430d1e985b62022bebec00a862e3f7d7c5cd9559b51381,refinement_00_epsilon_12,0,2824,33386205,1198/1,5
DK,87fbf8eb7a7e3f6a089502c6f4198da9497884db0af795de260a42cef58cb63e,refinement_00_epsilon_11,0,2824,33486205,1138/1,5
DK,575aa5120f7f9827278286eee2719caced7e2a85dd8c7cf6485faff18b7cf543,refinement_00_epsilon_09,0,2824,33586205,1088/1,5
DK,fb40d456cc8a06317435b334215cfbfd4ed7e5d51ad43a325252c93891b84ccd,refinement_00_epsilon_08,0,2824,34323705,1048/1,6
DK,5d31a52c010d888026451f987239e869d35932ed386eac98a705d5d058da8320,refinement_00_epsilon_07,0,2824,35268705,1018/1,6
DK,f99f7a08ef02b9e6568e4a45f350441da090e073cd349e3e6ad926e9650f5c75,refinement_02_epsilon_08,2,2824,35581205,1008/1,6
DK,02deb5b8a6bb3c0d924119cd6405d18e0a82126fb61fd56533a54e9fc67aee18,refinement_00_epsilon_06,0,2824,36731205,988/1,6
DK,a3e799513ee7e8ec2c91697494e45767e9222127f5b95280eda3b2a68d8324a8,refinement_02_epsilon_07,2,2824,39206205,968/1,6
DK,3f7d2e3a89e2b4a6c51b7ab15323592d18f51cc04486cfd5a37df05154afe06d,refinement_00_epsilon_05,0,2824,42225705,948/1,6
DK,64498701a3c2db2002b93d7387e1ce5af52b3855ccd310e1b59f52a10d948feb,refinement_01_epsilon_04,1,2824,45545185,918/1,5
DK,f343664da672c6c301d63df9790bf2b26ffc4933f5f388e701f7e43d7016c7d4,refinement_00_epsilon_04,0,2824,45608485,898/1,5
DK,53b590b55a71e9dfa9681ead7f849d48854bd4f33cb9befa3b92d7303520754d,refinement_00_epsilon_03,0,2824,46189285,878/1,5
DK,445b2efa86ef4d9ee73edded92cb83fdb762b5132c7e195018cfe4e40dcfdcf2,refinement_02_epsilon_03,2,2824,47585185,858/1,5
DK,8f40f75fb4ebf9d836b02df9631021f27476f9674d9f89b911308ee71af7d37c,refinement_00_epsilon_02,0,2824,50070085,838/1,5
DK,4c5e8c01c366fc73896c1e24fe5554009e6451222a1068df07dd520c48ba91d7,refinement_02_epsilon_02,2,2824,54605005,818/1,5
DK,40cb320309e94db0c13f19870760272000e46f3802573d64ff1b8725893fbb5e,refinement_00_epsilon_01,0,2824,64362685,798/1,5
DK,d4513104b67309fae76f2d7c90bf5cdfbc8dc8859cd6ab5b3c62c491d9d287ea,initial_cpu_anchor,-1,2824,76258945,778/1,5
EP,6b70ed803cd99b4aa73455abde6ce501b88aabfcd78c357e5b808e5a854a9b8f,initial_cpu_anchor,-1,125,218750,920/1,3
GL,09256777c990e82493f86584ba73e05a7c4a401e7c9d34352692fb6feaee8152,refinement_02_epsilon_36,2,614,21306536,2803/1,5
GL,ef6690e6d75d57c479454d1af662abf83b9eac2d294f24cb82614f5ce675ab98,refinement_02_epsilon_34,2,614,21316436,2753/1,5
GL,5b89d3dfe1746b80ba2e69737e38b740cb4cdb689383597160fdff1fa3ae3faf,refinement_02_epsilon_33,2,614,21508936,2723/1,6
GL,f44049ee47a77a785d60244c6c0c44ac888d080f822c9465e876d4c3b4c061e7,refinement_02_epsilon_31,2,614,21621436,2653/1,5
GL,851df037f5673929a8375d2dd5fb2f34865c8ce348b114b9f6b3ada47ada08a0,refinement_02_epsilon_28,2,614,21687036,2573/1,6
GL,f6c255e4a5b0fce3cfd657c1ab208a40d41e947ed882af3a85a03d5df63f55f3,refinement_02_epsilon_26,2,614,22199536,2423/1,6
GL,320872eb0ffa8d711ce9ee49447e0abcabd52b8a8b04e02eae1ae1317691b288,refinement_02_epsilon_22,2,614,23049036,2373/1,6
GL,be58aa526ab97b638c44276ff42d87c24b928ac3520093c40e8ffa0049a7acc8,refinement_01_epsilon_19,1,614,23107936,2343/1,6
GL,66f2b2bd609f38db95165fe988c28422e614a811660db967ee04ffb1ff2e0f2a,refinement_02_epsilon_20,2,614,23261536,2313/1,6
GL,2aa12e36f39ccf07bd4bff963ff1a00da296102eac380f7b2e1e7a718cfbae4d,refinement_02_epsilon_19,2,614,23354036,2293/1,6
GL,354b859afbabe69861234926a9bcb12d7fa2cdec4139c7b7a89727161de3c5f5,refinement_02_epsilon_18,2,614,23812936,2253/1,6
GL,6fb60063100af60143f6be33a31f7d8b5936d71a34a276431cb31d4c07929094,refinement_02_epsilon_17,2,614,23961436,2243/1,6
GL,191dec4bb70ca8c3e108b497246fabab8455562d1b0636f98f967d6f0114fc7f,refinement_02_epsilon_16,2,614,23968936,2193/1,6
GL,9c3cf1893b66658e1be18dc093b5bd3c7b1f26d44922ad9608011fe56bbc95da,refinement_02_epsilon_15,2,614,24100936,2173/1,6
GL,07c8286f43ea86208d40a11c6074786f9eab428ef581bb189d72c66435575e37,refinement_01_epsilon_13,1,614,24291536,2143/1,6
GL,db82375670f5344dba8c65e85e88ddb26657ab65d545f4e111a8a8a4c594b7bd,refinement_01_epsilon_12,1,625,24704036,2133/1,6
GL,e4faca60484f69575b7d88ece6128016dd46df476f30fdd130ee4de5d73d7dbb,refinement_02_epsilon_13,2,614,25196536,2093/1,6
GL,4161e7cc77bc96dd4c710efc2a06f5df457cab1ab83c1668d34aad716a8e5ec6,refinement_01_epsilon_11,1,614,26353436,2063/1,6
GL,890dae2c4910420135f140abb12cfc5d9dd4ea08c2b1fc08a6434c88a9a072b0,refinement_00_epsilon_09,0,614,26911536,2013/1,6
GL,ab6c9974ced49cb38ca91884c34be055bc192e89b1b8472fd1d7501e5244fb54,refinement_01_epsilon_08,1,614,27563436,2003/1,6
GL,16a9f7c52c4e28431a96832ff5396f20221460144d3fda75a2eaca0cab8355d0,refinement_02_epsilon_08,2,617,28463636,1963/1,6
GL,b8d7bcbd7a3d73591a54b245cca9f13b5869486bf82e07747d00c951aa742929,refinement_00_epsilon_06,0,614,28725936,1933/1,5
GL,f70afb7747da0d60696a824cce87a77baa747fa76f452a2955bc7e325e997bc9,refinement_00_epsilon_05,0,625,28845936,1903/1,6
GL,481be49efb0ee8142f64a68732a3223b6e94f716afd36e57941832a7c140b622,refinement_02_epsilon_05,2,614,30576436,1883/1,5
GL,d517de080d4ac30f78bd28f5d955700de0ae6924a71925202ab215405ea3f73c,refinement_00_epsilon_04,0,614,30608436,1873/1,5
GL,fce3a44c66ec250974cf29102f5d33294d5fd51bb262a1d8769ee3ab0665943c,refinement_00_epsilon_03,0,614,30768936,1833/1,5
GL,ae290265a572dd3ef760e1d6c1236811f393d5dbcf08e7d05e3cd240092f3860,refinement_02_epsilon_03,2,614,30800936,1823/1,5
GL,fdf4e0de04f0b5d99a51ecaa3597b6854bec548220ff5ad6dd48756196386155,refinement_00_epsilon_02,0,625,30913436,1803/1,6
GL,c4dde477f2885ba1cda9a2ed4619d67c490d202523373ea293dc9fb6362857ae,refinement_02_epsilon_02,2,614,30968936,1783/1,5
GL,283881f0f6a346074258a95537822c09e374b4b9b900171489a94532fa2f4f93,initial_cpu_anchor,-1,622,31081436,1773/1,5
GL,10356ce14345de2de73330f8d07c3b59c41e1c3ab1c9fb88c184db9179e215a1,refinement_02_epsilon_01,2,625,31113436,1753/1,6
GL,e1499e5eb515dd533bcb61fcd78e552ff85c6e3437879ff05de6aa183fa2f1a2,refinement_00_cpu,0,625,31225936,1743/1,6
IC,b76650d6a5842489655497d1e363e4c80fbc47398951e3b6c9dec957a19d1881,refinement_00_can,0,986,43546685,2449/1,7
IC,a77ee3e747b51b63c821a7fcd06f824eeb95f0ddb5ff17fc75b1273594975969,refinement_02_epsilon_37,2,986,46751685,2359/1,6
IC,74fccc84039a0b74d37009e1de52cee2d1d4eb4c9d2425249b0619c2a2d989f7,refinement_01_epsilon_36,1,986,46951685,2349/1,6
IC,5a77cf84cbc696b54278bb217ff425c47f5703819b4ab03a320fbf6aadcb4f62,refinement_01_epsilon_35,1,986,47576685,2199/1,6
IC,535de276e3d9b507ff7825d50387e16307addc154a76e6df65d3ad75185fd7c6,refinement_01_epsilon_24,1,986,48601685,2049/1,6
IC,c3bd94c7e6cdecc878766361ba3c72334f94ed7dc7a8e4768a879788fb9dbdae,refinement_01_epsilon_23,1,986,49026685,2039/1,6
IC,a07a5354948be27e1d10a9dabed7a1e0f48e49ac1ce5f7b4162a82b4cb0410e9,refinement_02_epsilon_22,2,986,49621885,1999/1,6
IC,5140e33f88598147a34eff37890090aed3ca23498278dafd8e2e7ad2bafa2504,refinement_02_epsilon_20,2,986,49806885,1949/1,6
IC,88da46390aa40e4f6221fc59443e071e44c9fe51302ac371df8245e920834b26,refinement_02_epsilon_19,2,986,50046885,1939/1,6
IC,d7049c14f22e9156aabbe05cc015a1455b876d21684a8c9b8211903b31bd84ab,refinement_00_epsilon_18,0,986,50221685,1899/1,6
IC,41e0992013485e9d3426a7e0c77ffd172400da0b55dd90c50b84ed99c4e0a1b3,refinement_01_epsilon_17,1,986,50231885,1889/1,6
IC,d1e3ec5ae66a993acd3bf653d24111c60ae6507b88e9f9add2cfc3daf40132fc,refinement_01_epsilon_16,1,986,50431885,1869/1,7
IC,861df5fd5fd42a776b78fca19ec36420116cfebd1c2ecd7272c58fd650736895,refinement_01_epsilon_15,1,986,51241885,1849/1,6
IC,262730971b3d4a25caae70d397ea731e272a21930f112ecd1bbbc0b52a7fb0d2,refinement_01_epsilon_13,1,986,51666885,1789/1,6
IC,84ae5bddb053ca8891ce54260e996ecd811b556215a8dceb3ce9062869abdd86,refinement_01_epsilon_12,1,986,51935685,1769/1,7
IC,37dbe9d304c57e6ba9cb6a1edec6b635cdbd27be949423dbfeede8a5719611de,refinement_00_epsilon_11,0,986,52145685,1739/1,6
IC,4c7761e1722be552eaa5d2e2d80fb78bca31729236d4ae10275f472216885820,refinement_00_epsilon_10,0,986,52291885,1709/1,7
IC,e104c253f3833d0ec8079585b10d80c2207018b136f819438c2bc57544d2a166,refinement_00_epsilon_09,0,986,53585685,1689/1,7
IC,106faef7bc165744699865fff9b1be4a1403041b2e850b8dd19eb2a72ce93204,refinement_00_epsilon_08,0,986,55768885,1679/1,7
IC,18bf99a39439f820220669cb96802e437774e6101580fe5af9217e48f2ae0531,refinement_01_epsilon_07,1,986,57090285,1649/1,7
IC,66f92cd77575c5fc83b142c67cf95a602d7744e010e973cac9da46ac90102442,refinement_01_epsilon_06,1,986,57599085,1619/1,7
IC,0b32028ad50f3452424a132e14f9072fcb34782c0fa94e5e50ccb1b584706e4e,refinement_00_epsilon_07,0,986,57618285,1609/1,7
IC,56a72cd22b9130dad2458f7723f84f57ff3b150180d5b0d77d8a5483a83e296b,refinement_00_epsilon_04,0,986,58901645,1569/1,7
IC,961fa78a8e4e204a0ac780262fff4b37a189a7f69b8e937d9bb73b8a51c6003c,refinement_01_epsilon_03,1,986,59076045,1559/1,7
IC,e9a47ba62f77e90a317c7d14960520f14223e2b314d0bd3c0911721ebabe6e8c,refinement_00_epsilon_02,0,986,61859845,1529/1,7
IC,30ac27ca6f67216a3db9dae4782561d5bf15739527a7385ea212a38468aa487c,refinement_00_epsilon_01,0,1032,66493285,1509/1,7
IC,a71b3a08f3651f43bf1cb2383a45a1ad596141c8b5d194b3b2365cd466172bcd,refinement_00_cpu,0,1032,79231205,1489/1,7
LC,020e2d0de82bfa955f4f162b63a80847025fc054673823a5fe1a814ba400c8f1,initial_cpu_anchor,-1,407,1110102,1090/1,3
PT,06a8eb609eb5e021e65dc88064d4b0d54f46034e5b362e55f06791260c5e50dd,refinement_01_can,1,327,694208,1680/1,4
PT,7419acb9cc22d25444303db1a5ac4118cb53e080d36da7c13dcbd30f7c71b438,refinement_01_epsilon_30,1,327,787958,1580/1,4
PT,397013539531e0152b75b648b4de06a0e8ccb109d574b72a842cf3f3e9cb50de,refinement_00_epsilon_16,0,327,819208,1430/1,5
PT,0172e4891bad487862b3d19bda7ce4d22fa6d62812a5c79ea368ed64f495c1a6,refinement_01_cpu,1,327,891708,1280/1,5
SU,11b85edf6fb01ab5f8974031d8ceb359820dca2bb8e2fe5aa83f81bf45749cf8,initial_cpu_anchor,-1,165,245975,860/1,3
